0,MET,1
1,ASP,2
2,LEU,3
3,SER,4
4,ALA,5
5,LEU,6
6,ARG,7
7,VAL,8
8,GLU,9
9,GLU,10
10,VAL,11
11,GLN,12
12,ASN,13
13,VAL,14
14,ILE,15
15,ASN,16
16,ALA,17
17,MET,18
18,GLN,19
19,LYS,20
20,ILE,21
21,LEU,22
22,GLU,23
23,CYS,24
24,PRO,25
25,ILE,26
26,CYS,27
27,LEU,28
28,GLU,29
29,LEU,30
30,ILE,31
31,LYS,32
32,GLU,33
33,PRO,34
34,VAL,35
35,SER,36
36,THR,37
37,LYS,38
38,CYS,39
39,ASP,40
40,HIS,41
41,ILE,42
42,PHE,43
43,CYS,44
44,LYS,45
45,PHE,46
46,CYS,47
47,MET,48
48,LEU,49
49,LYS,50
50,LEU,51
51,LEU,52
52,ASN,53
53,GLN,54
54,LYS,55
55,LYS,56
56,GLY,57
57,PRO,58
58,SER,59
59,GLN,60
60,CYS,61
61,PRO,62
62,LEU,63
63,CYS,64
64,LYS,65
65,ASN,66
66,ASP,67
67,ILE,68
68,THR,69
69,LYS,70
70,ARG,71
71,SER,72
72,LEU,73
73,GLN,74
74,GLU,75
75,SER,76
76,THR,77
77,ARG,78
78,PHE,79
79,SER,80
80,GLN,81
81,LEU,82
82,VAL,83
83,GLU,84
84,GLU,85
85,LEU,86
86,LEU,87
87,LYS,88
88,ILE,89
89,ILE,90
90,CYS,91
91,ALA,92
92,PHE,93
93,GLN,94
94,LEU,95
95,ASP,96
96,THR,97
97,GLY,98
98,LEU,99
99,GLU,100
100,TYR,101
101,ALA,102
102,ASN,103
